user,blocks
daqi4ant,173
jiajia,1
f2poolscant,98
handansx81,33
notoriousvr,1
andy518038,30
ben3kim4frenk,1
gy126,2
jua007,4
guozong,1
zhangtom123,3
weizx335,4
ok228899,19
weibo,2
xbtzhs,1
dual000,1
kypc236,1
q1,1
avhb,80
xinlong,3
qq123456,293
duocaiclam,15
wwww714938002,1
qq2864635475,1
zhanlongclam,60
qq158,8
,3043
zhang888,1
symy50,10
klminer2014,4
jua005,3
jua003,3
davidoff0010,3
xicheng22,1
gf406224454,6
guiyang,3
canaan,13
myy88802,3
yuyixia8911,2
wang112233,1
kikifit1,1
wd32842406,4
nmwl01,2
cpd,5
arendelle1dm,50
haojun,41
xinnetcn,1
wangxingsmile,60
hyq,6
mk911533,1
coinplus001,1
dgdlj917,1
you,1
post,2
jua011,1
jixiangyu,2
gridseed,1
ssaa88,2
lxd630li,6
a33,3
qhhbtc,2
zhangtinghao,4
zhp13539998899,3
chengqp,6
yan123,8
niubtc,26
djyant,1
ilm,4
xiaxuefeng9010,1
wyq9999,2
sns,2
ynsdz,41
kaifeng,6
liuzhu,5
xiongxingbite,1
mayixiongdi,2
wei58549300,1
sjq2544946900,3
ynbcwy,1
hong0592,1
spmr0001,112
xiaoyuycr,5
sony,4
neimeng,50
lxdx88,10
handan828,12
chenhaiyan,1
xblbtc,1
pengbtc2,1
arendelle1tm,35
pdsnn,5
hqg4328021975,3
zhenghao7021242,1
liuming2119c2,1
duanchiqingting,2
jw11,1
hnzlz,3
fjnazlss,24
mahdi,3
wyanga,1
wfababamama,4
lqpcj,1
wangdayong,1
native801015,6
yjh,1
suntong258,1
kikijing64,1
jwl1010,2
enwods,2
chenwjking,2
dashengbaoer,6
pp99,1
chw88288,1
b4255x,6
twj609636542,2
tqkj,1
cfbab,2
liaoyunhui,2
shenggechina,1
grkjltyhf,25
pdszzl,4
ingreat2,3
sxzfafaaisinila,6
zhaodong1982,82
lhj121314,2
zz3251355,2
zhangzhong19821,2
a123201377,1
liang234909509,2
daizhizhong,2
zhulifei,1
yuling12345,7
pyyzq,3
ccs1973,1
aetaf,1
zhengyi169,2
abc807,7
mcccy,2
hejialun,1
supercloud2014,4
matrenitski,1
aoyong88,1
coffeecup0312,1
cuiliu20061205,6
paopao888,12
chenjj,1
hujiqi188,20
qq530955139,5
xxf,1
sm889,2
jianhuage,7
cyha20140108,33
habtc0518,5
pp12,1
xianlong,4
aa678,5
xzw357057987,1
chenchunshu8696,2
hengliclam,82
zhengliqun,1
li355295,3
wuhaiping,2
jiangll,6
gridlab1,6
wanyouyinli1,10
jeson366,2
wangld,1
aa254907107,1
dongfang,5
py475120,1
cy1834530747,1
zztt999,5
zmqbtc,3
cy888,12
zhanggeping,1
findsea,1
ljp456,4
cc3868,2
lhw1983,1
lihao1,1
cqtxjk,3
laoshu,1
huangling1121,1
zhou002,2
wu88,1
viasty,2
qq314782161,2
q138,2
jinjun250,1
wangzhiming,1
rt88,1
zjx329154546,8
ingreat,13
zhongxiang,1
angelskyline,1
cjs18665506868,8
wuxiaoyekuangji,1
luc001,3
cthabc,4
mujiebai1,1
pengg,2
d4ni3l,1
lyzst,3
yan22,26
anxin422,3
wq1969,4
dc369,2
lqc888,5
liugonggong,10
akm,2
pdsqh,2
yzgolden,3
shenghaisheng,3
chenxianhan,1
fengzi52188888,1
miss123,8
ytfitcqw,1
xiaobaihuo,2
qq868716,6
qq634021676,1
knc0311,1
sww11005088,9
chenning888,16
a301,1
tim0213,4
chillyang,1
a340589857,1
g13336050000,1
ljm19941012,2
caibird,1
jddebug,1
cjh,5
ccf120202,4
tanshuyun,1
claro6074,4
qq303762743,1
qq810615504,1
liujian8,1
lfycyh,1
caoning,2
jy02749747,4
jrobinson313,1
yan00,20
zdpwsp,4
x4574618,1
rongrong988,1
sxlczxbdqb,3
huiqnag1,1
chenyudl,1
xiuyi0149,2
zy575759157,1
ding1234,1
wojuning,1
caige,2
umisoo,15
zlh81,2
zhangshuhua,1
chyijun01,2
dylan186,1
sitong,11
ab82150093,1
chenhaoqiu,1
chenxuemei1017,2
hb18905619999,1
xxy1,2
wy249452840,1
chenge200818,1
zyiq,2
chjbtc,7
yanzhiyong,1
f10133,2
love5263100,1
chunhuoer,1
z855806,1
xvv2,1
qq290708959,1
sjkjk1,1
qujie123456,1
lz272202222,3
haiming888,1
zhgese131418,1
xl,1
kaifazhe01,1
pzyzy888,1
styl33,6
llb189999,1
dgt,4
kglinfeng,9
anxiuhua,6
btcqor,1
lai15060999903,1
lovesknip,4
offliner,1
cwl999,2
lubin997,3
tx4806,1
slshhj,3
kk1981,1
bdbtc,1
yueyue5201314,1
mbtc,2
swccdev,1
xoolj,2
kamchau,4
xm890,1
grkjltyhd,21
jasonlin,5
myxstudio,3
cyli,4
ling8900,2
lining125,1
lihuajun8889,2
sd22999,2
hitoyumi,2
pdsxh,2
cuitao,1
xm582,1
yeps131418,1
guiyangxian,1
xm159,4
bitcoin123,8
yangliangdong,3
qq772641164,2
ilm999,3
g2493879375,1
myheyan,1
nanjinghaowei,8
wubiwork,10
l24099899,11
qwc,1
x272350405,1
gabi2304,1
q133,1
stly,9
zhouli56,5
mengjiajia,1
ruyihxf8,1
hjcoinbak,1
hmqhmqhmq,61
elongbtc,5
hanhongyan,1
hongming66,1
zxd874389997,1
lcc168998,4
xlywan99,3
xiaojun168,1
chc,2
huaibei100,5
kkwes002,1
longlong321,1
cql666888,1
mayi88,2
hanguobao,1
kieno,2
jzy123456789,5
liaokai66,1
pipal,1
bf66xh,3
lixiao007,6
chengzhijinkai8,1
gy123,2
yfj13879973906,3
hbcs,1
wsq,5
hamma,5
zzl22690919,1
lxmbtc,2
jack609107,2
x13866896655,2
hilace888,1
daqi4ant2,6
sev,1
zhxbtc,3
huangyuhang,3
yj4013240,2
myy88804,1
songxiaojun031,2
syfbtc,3
xiaojianying,1
sunguorui,5
wcm84252798,1
zhongyunlong01,2
ttoomm,1
gqh555,1
wzlei,2
yitengkj,2
qiaopei200818,1
siheyiww,2
gw500,10
sunnanmz,1
waine66,1
huangzhigao,1
donkiddick,1
wangbaoli,1
l2968678,2
oyb393279,3
lcdev,1
qwe89,1
ll185745252,1
chenguanghai,3
sh20140828,3
touchpc,1
cclb,3
wang1306403496,3
xuejun,5
f2poolandrew,5
yan11,8
cxh99008,1
wwh78121,1
luan726,6
victorwang,115
lixianzhen1,1
zcz7053,1
guomc,1
gf44622177,25
shaoshan,3
cyeee,1
laiyong13778,1
xinjiluozm126,3
cyy64792589,5
grkjltyhc,6
congbo,5
chaorui,1
zenglue001,2
zsx540923668,1
ji3g4go6,1
halzr,1
zijin88,1
aluba5033,1
dengyiquan,1
maxingjian,4
linshen2014,6
zcw13623028508,8
liuyang123,3
zqj16988,1
kikijing94,1
zqg,2
ysdh2006,4
mooncake,1
windows168,2
zjx618,6
chenning88813,5
adsl8899,2
testtest,1
houyuanzan,1
heliying,2
jerker302,3
liangyong2014,1
zw195046323,1
ccc78787,3
xubin123,1
liuhonggang1,5
vzidccom,9
hongtingren,1
justben,2
man131202,2
kjcs,1
pinggu88,2
hilace,2
caixue439257,2
denghui615,2
zjxuan,1
mysifangqian,1
btblaoguo11,2
zrtk,2
fxb,1
fulfree,1
mavis,2
a299,2
diwang0618,2
fanwei8888,3
pdssy,1
xuyanling,1
gaosan,2
wyk,1
lin88,1
tantu1794,2
a18156132949,1
kloud19,1
mr123456,1
yaoyuancun,2
qq420,4
laotoubtc,1
pdsmzj3,1
ze800812,1
qq503820355,1
zhenglin,5
dt,3
wangguojun,1
weizhixinok,1
jie621012886,1
dylanhc,1
zhaoxu2014,1
cambtc,2
lxd650,1
ppqc,1
skey200,1
zpepc001,1
zeroiszl,3
czfts0735,3
lilei0919,1
zhuyisheng,3
fjd001,2
afei,2
wxkj,2
yeyz8610,1
wangguannan,1
my1975,1
gwdgzt,3
yihui,3
lwyztd,2
qinwuqing,5
yjx313316019,3
lzq1970,3
xsk24685,1
ach4328,2
zhangzhiyuan,2
y998,1
jxksh9444,3
feifeikuanggong,2
ryct,3
dlw7722,1
myy88801,1
zhicai,1
a75333777,1
miyum,1
chenguangfu1,3
chuntian0816,2
wy123a,1
nongmin,1
tianye5799,2
xuwuyang163,1
youde,1
lixiaolong520,1
curegp1000,2
pcgenius33,3
changjian,2
tezao1234,1
qq125236648,3
volcanoran,4
zongzhaohua,1
rui20030604,2
qq214952570,1
xiaoji,1
lbz,4
syjun001,3
blnz8888,4
songbo,1
suiya19830907,1
ghostbiao,1
yf6893,1
a1380775222,1
shuozu,1
wangweibo,1
qq617884548,1
chenjialong,11
qwe789789,1
zhengtiecheng,1
wangqun,1
stlms,1
gfj,1
hx001,1
houyuanzan1,1
yyw80826,2
cy88,2
zjzznet,1
zollen,2
kenlng,7
pdszg,1
adsrwg1,1
startover0001,1
yandong80,1
xxyy,1
antoniong,2
ndhtuan,1
divadgan,1
shantao,1
michuzeng,1
zlg5201314,2
mjm,3
tian,1
zxo619549999,1
myc,1
haoshengwen666,1
xxy123,1
daaizhubao,10
zxzc,1
qq1308955127,3
justmm,2
dabao1961,1
daqi4ant1,1
linjy1861,1
liyu,1
star001,2
yulin123,4
aw,1
konglong001,2
changshan0913,1
lixiaokt1worker,7
ruanj,1
ztx990146937,1
guxinyu001,1
musclecn,1
wd19861207,3
zhx,2
xjksj080808,1
caihuii,1
duanyuan888,2
xmsheng,1
p88266194,1
fugui,3
panzonghan,18
laohutiger,3
cj666666,2
tt0754,2
qq538050,1
sxwo47995152,6
fangdawei,4
wjp,3
liang123,2
cht888,1
btcwei,1
zengzhaoning,3
jeremya,10
pdsw,2
luozikeji2014,1
mfq,2
shenjd777,1
chen1698,1
fishook,1
llb18999,4
li1979,1
arendelle0ls,20
ljm181988013,2
ysycz,8
huanglihua,1
xushiming123,8
fgd1976,1
huozhiwei2014,2
sand,1
hqf2525102,1
liuan,1
ronggang,1
stye1212,3
caixianlong,2
tyabc,1
aoermacn,1
hsy,2
claudetsmith,1
wdg125521,2
hjcoin,3
wulongjie,2
rose12,1
clearsea,2
huxiping,1
yujian1012,1
sunnanmz1,1
wbl0813,2
q1234,1
lzs,2
qinwuqing888,1
zhaolei,2
wuhaijia,17
hxl88020088,1
xiaohui,1
bb13480877555,1
laobana,1
wayawa,1
apao,1
wajin1,1
pdsguoliucheng,1
livehl,2
dd18905616666,1
ai7jingjing,1
golcc,2
xdworks,1
yu133511711,2
yehouzhen,1
a552500712,4
wanshuma,2
fish,1
wei1983226,1
elgabo,2
qiantang1,3
kmcad2014,5
qq63187736,1
zhangyong2014,1
ruipu111,2
wxlaixy,1
zhangxi,1
xm3578,1
sj888,1
yang425219497,1
cuijiabin,1
qq539951509,1
forfeel,1
neige1119,1
ys88,1
fj2014,1
tjdongfeng,1
jiangkun,1
ling890,2
cyzbtc,1
llkk0655,3
zjp2013,1
zq30922365,10
surprise,2
aphorise,1
zhou001,6
w121273263,1
luoke,1
robin123,1
bxy,1
qq1454080802,1
keke0418,1
guan4180,2
l419058034,1
hashkings,3
km2206,1
hakispool,1
qq1271720094,1
sun80333,23
mbz,1
qq980117556,1
king660430,2
kkcy,1
liweide,1
sting777,1
jellyzgd,4
a2110529253,1
xinzaijin1,1
eurotel,1
wanghu1020,1
fsfs520,1
lukeskywalker,1
xmyfw,2
qq51470456,1
czjbtc,1
btczlf,1
czm76,1
laobanc,1
dongqian,1
lys,3
lglorgpp1979,1
ah8143406,3
ly520,2
wangluo,3
wang888666,2
bhx,1
a15916636006,1
tanghuikuangji,2
winpopo,1
a555,1
medil,3
xypxsg,2
sfx000001,2
pmin,2
cykbtc,1
jwc026,1
cjbbtc,1
tjcooler,1
zhouning60000,3
xu7928373,1
hjs286777,2
fts0735,3
dragon1979,2
lioufu123,3
zzz168168,7
wangweixy1,2
fuxianglong123,1
hong198511,1
enrich01,1
fongyie18,1
etuomm,1
lxdx88888,7
qi2,3
jiaqishaoyuan,1
wyq059721,3
miyiming2012,1
qqq1010,1
baohuazhu,1
liuyingxu014,3
mayi03,1
donghuan,1
q2191854548,2
cjk1981,1
gulicat,1
czj201200,1
lcw88888888,3
btc123456,1
jjahz002,1
pdsxye,2
lzo07,1
lirongfeng,2
fqx,1
gxno1,1
a83469117,1
wanglu920,1
kezhung,2
ltcproj2btc,1
fsteamoqq,1
wutiao205,1
liusen1681,1
q139,1
mikasa,3
phb556688,1
likeqi,1
boxdngs,4
sxwo4799515211,1
hongkongminers,2
laozhou,2
hyq904043187,2
tomut1,1
zgglyy,1
zjy002,1
lstvmgx,1
qq89364848,1
bendy,1
qq1009756186,3
quebanzhou,1
staven,1
tantao2020,1
sunnyhctao03,7
yes99,2
yaqin0529,1
wangweixy,1
tianyikuo,1
zjy001,13
zz476690923,1
darkadam,3
cash2007,1
lixiaoq,6
hugongqing,1
aook47,2
zhenxijiao713,5
asd666,3
lyj1979,1
fatzhu1986,1
zflbtc,1
niu,17
lxd640,5
lm002,2
fdaa,1
pangruijie,1
manzixun130204,2
igorwhite,1
hatht,7
zhou1984,6
fanhongbo,5
zhugaojuok,1
simonwk,1
zhanghonghai326,1
ilait,1
zpfdmm,3
zwp1,2
qq2755988510,1
e7196,3
zjbbtc,1
lilongfei,1
chenchunlei,5
dszno1,3
gtrfeds,1
pdsniu,2
fuuuhbk,1
lcw4087585001,2
xwd305486616,4
qhyong,1
xwd321,1
wupengbtc,8
telecomadmin,2
binbtc19,1
zhongrui0325,1
lucifer1006,1
chomeland,1
baijinswh,7
a1108215,1
clam,222
rockminertest,1
userzhang,1
lywylv007,2
kaijia,1
yuan737715284,3
diyltc,1
qiukr88,1
zhouxuan,1
stanwolls,1
q282576954,1
cchcy101006,1
a50,1
hlj18341288819,1
xypxhr,1
wosiguwozai666,1
lichaohuo123,1
grkjltyhb,5
a191500622,8
dgylyx,1
jiaozuolaotou,1
ingreat1,4
wgbtc,1
chen729,1
qqq71778306,2
chtcrack,1
bitman001,2
suwei02,2
cccysbaby,1
alexbit,5
qq1580833384,5
logintemp,1
zxfei530,1
qq617233831,1
lshbtc,2
h610828099,1
jm,3
qq2081736574,1
lwf752579658,1
jujusoft,1
boatchang,4
halinge,3
gaoli0808,1
zhao545382343,1
btcliu,4
llq007,1
lt123456,1
yhkjyhkj,1
lishuguang,1
huake126,1
jy00120802,1
xlc123,1
kofoo,1
ddwy759,1
benalexa,1
zhaojinqin,1
hmmdlp,1
q2634672795,3
l13824331683,1
chenliang1982,2
lvzhuyi,1
wjsw,3
wanglong1,1
xyl168,2
imex,1
wangdon,1
a980069321,2
panzhao2,1
jiawei81,2
wangwenting,1
zhaopengkuangji,2
summerrain,1
alffa,1
qepsbawuk,1
qq79991886,1
z15994809946,2
qq80079553,1
zxppjl,2
snkcapcom825,2
baidugan888,6
weiwei128,1
duanyuan,5
shantou,10
a982892618,3
bright2651,2
rqc00000000,2
huxieqiang,1
qq583050,1
lgq,1
hbzxbg,4
lihaiyun,1
wang122261336,2
xjl630,1
qqbao,1
zhouwei,3
zhangyinmeng,3
zxl888,7
ljs,1
mytrap,2
lyb,1
bsg,2
jack747884727,1
zzjtdev1,5
dxy0805,1
qq2642205294,2
kka504,1
hubin3635801,1
xubei0068,6
qingzi801,4
lyp545419139,1
smack,14
chengzhijinkai,1
user yitao,4
user houbinjjyy886,3
user banaberg,1
user akira2009,1
user mzy139,1
user zun1984626,13
user liugt,1
user zhangfei,3
user zhenxijiao713,1
user gwdgzt,1
user jackhuang,7
user yanzhiheng,1
user dannydevil,1
user newliu666,2
user qiukx1618,1
user joey00168,1
user a362495151,2
user jock802,1
user xymiss10081,3
user dandan123,1
user googleme,2
user annces,2
user zhengyan,6
slavikalan,1
f2poolycjunc,1
zhangxianfu,20
sky0123,1
f2poolycjun,1
yianxia,1
zsg168,1
superltcworker,20
yy0808,1
koyspace,2
chujie,1
xgywgd,2
aqjwj,3
gaoyuefeng,1
dinozoo888,1
xllovely,1
ccll823,3
sonna,2
lunasea916,2
xiding07,1
vsdjvsea1,3
lhwpool,1
pjwencheng,1
asd514413,1
as13902390403,1
jyhnbw,1
wjr5931189,2
shanyng53025560,2
stlzfa,1
paladin,2
affete,4
xudian,6
btc117,2
colitas0,1
fys,1
pengxuhaini,1
wgsap,5
simonshi,21
zxc12,3
mvp123,1
blanka69,25
jinsheng12,1
qq369808489,1
zhulingbo1986,6
youyou0571,2
mengxiang0005,1
panyu,5
a752505613,1
sdshendi,5
boboan5201,68
hzklxd,12
nancy2888kuang,4
yyz1983,2
min5801,1
njyang,2
linan113,1
kevinfu,3
hujiqi168138,4
trendmaster,2
elliepu,3
lm001,1
xiao130186,1
qq2062586574,5
juntao,1
ph666,5
zhangfen048,5
dacu,1
wjp19788,5
tmwwb,3
qq19628368,1
esnet,18
sdd903537936,1
iamhappy,1
sanliting,5
leijingping,1
feiduwangluo,3
yr266,1
shimao,4
stabc,2
mingyuan,1
coco8652,3
xmgougou,6
skeybtc,3
yy778,1
hongwei09061,1
miyiming2011,2
adminltc1,4
user qiweiqiwei,2
user rainfly88,1
user fjshwyh3,1
user player,2
user zhaojie123,1
user sltt2005,1
user eyz12315,2
user dingjiayu,4
user xudebin,1
user sky471176,5
user slavikalan,1
user a2541881888,3
user cctv,1
user shengtong3,1
user merigod,1
user wbel,2
user lsshaobing,1
user zhaofeng0531,1
user w417947887,1
user zhetengzhong,4
user hjelc,1
user xcga111,2
user robin811019,1
user emily,2
user btbokc001,1
user gmlgxl,3
user zouwg1,1
user danielz,1
user djsst,1
user kjl000,1
user kerlmarks,1
user fatpan,2
a15045269111,2
heqiangguang,3
xd168,1
wcb775522,1
zhangwenchang12,10
semtong,2
jy18915207108,4
channel96,4
hudada,1
qq334074350,1
sjp168,1
qinbinglei,1
dxm789,6
jolindamimi,1
robert100200201,2
suulai,2
yufeng2,1
kyle2010,1
happy2013,2
zengyunzhou,1
xiaofeng588,1
zhtv,6
csy1075753911,1
shao791115,3
memoryten,16
john680830,1
liangshiyue,4
zhl999,5
zgh96001,1
caiyanfeng,2
tangsuchuan,3
shemin,1
qq27895755,1
liujia,1
lxf3299532,1
jhdcboy,1
hugd6685,1
q286134958,1
yym135405,2
wangaixin,3
jove9999,1
h654987,2
jxymzhw,1
qq659993866,2
zhangyanling38,1
habtc0517,10
lin062728,2
lvyi,1
gaixuan321,1
afu200,2
lywgj,1
gzq515933707,1
a619613283,2
lvchaya,1
jingchenbtc,1
oydavid01,1
wscld0791,1
csw98888,3
peterone928,1
caiqingjiu333,3
fjshwyh2,9
vangmekong,1
alyo1234,1
dong123456,3
lo777888,3
s25853766,1
lyggnfs,2
madyoung,2
k397001685,1
zhengwei,1
dc3899770,1
qwgk86025,2
bit3coin,17
eifgkfojj,3
cxhz888,1
cnhxg2014,4
njhtkj,2
robin811019,1
hopol,2
wenzhu,2
jinxin008,1
glf178,4
wudong,2
chenmingfeng,9
zhuoyanan,1
yun125ha,2
zhangxf666,1
canepp,1
dong7777777,3
solidic,4
chenmr01,1
cyckm,1
lnfsbb162,1
yy16381569,1
amlongs001,1
btcking,2
gy13580300459,2
shbtcc,2
hawren,1
user gpmnlxdw,1
user sunbase,1
user pengzhengyuan,2
user lechun91,1
user shirleywu,2
user mrluxu,2
user wang66886907,2
user justicephantsy,1
user zrongsheng,2
user zp89555,1
user jiangcailing,1
user toolos,3
user panda,1
user pwxzbyt,1
user leebo,1
user andrew,1
user zs304221143,1
user zjg8833,2
user lepacojay,1
user hangli,1
user lxd2013,1
user nihao,1
user eaysun,1
user leiyingjie001,1
user shao791115,1
user w1397089390,1
user jianhuagd,1
user sunmoon,2
user cidn,2
user chenyunhua1988,1
user weshi,1
user hjhdys134,1
user liuweiwei,6
user yuwsz,1
user wcyxhy,2
user shihuangzi,1
osl,1
insmart,3
lhhr,53
wickedjan,6
zqdl456123,2
jzy198299999,1
fffgift,1
qzyking1234,2
qq71778306,6
liquidketamine,3
muquan,2
cai13799008687,1
wzsaou,1
alexdai,1
djusmen,1
netxgx,3
guosiyao1,3
qy111,6
fy888,2
szf7196,8
huangjiang624,1
a1875158884,1
dj3158555,3
dingyangangel,5
lgx0402,2
hj060926,1
huachuang,1
dxm788,3
fjnabatai,6
zzz168,5
zhangwanzi,2
deirdre,1
wangli,1
zyk212,1
xyk,1
aerocapt,1
ssb10008,1
a468419,3
maxzhu001,1
pgws,2
popeye,1
v8ta31,1
zun1984626,3
bqx2014,3
whyxfp2kc,1
daofu1987,1
binarier,18
elyn,1
z13803591023,1
nongan,1
qq383245194,1
yanyuedao,1
xbjgtl1978,1
szjb168,2
bit5coin,7
lybtc,1
feng4399,1
jiefang00,7
lizhan2004,2
kyosho,1
dk1982,3
dlw001,1
yangminer1,2
py,13
wanglongqian,3
stcmt,1
wuyuhr,1
hhq2014030802,1
dqd0616,5
wewilwin,2
cavenhua,2
tmdbki,1
syh1128,1
suebbc,3
bittech,5
ltyssaqe,1
company,1
k0395,1
zouji1988,1
axy15991988867,2
icedrillio,5
mengbb03,1
mjjj0001,7
jerrysohigh,2
a1a,1
daoba,2
user weizhsh78,1
user xp,1
user john31781,1
user fjshwyh2,1
user gx271832,1
user boygzy,1
user zhangrui01182,2
user dans7873,1
user lxlb007,2
user lysbbj01,1
user bjccp1956,2
user yushengren,1
user eee820102159,1
user lqb791030,1
user coolwolfman,2
user zxjconjee,1
user allenjiang,2
user ps4xboxone,1
user dym,1
user mail4btc,1
user lekingma,1
user aiurstudio,1
user chengyu,1
user qq110422860,1
user crazytouch,3
user shbm00,1
user baomark,1
user xsggwh,1
user hb335011566,2
user sdzczp2,1
user zj251876217,1
user majifeng23,5
user biao20131116,1
ddc6155,1
feiyang123,1
chongchongwb,2
huangqiy209,3
jiangshan28,2
xiehong,1
zyiyi,1
kenhill,1
songbaofeng,1
lightdc,1
huaip,1
tao888,1
guwei,6
a602,1
malin7542529,1
huahuazai,1
aimlx,1
xxdn,2
fjshwyh3,4
lamaciren,2
hddapao,2
hxp1984,1
sjkj,1
cgminer,2
houzhiqiang,1
superbtc,10
xuwuyang,4
tomatoo,2
a375765993,1
influx,1
hanrui,7
fpeter888,1
chenxuxiong,2
geyin0925,1
mqiove,3
btclb,2
yunpj1,5
tsenchialee,1
rong677,2
iadoremm,1
en9002,1
baidugan168,2
doublesbtc,2
huangtai,2
ken5747933,2
zrpc007,1
binghong,1
xiaozhanglixing,1
fq13504274111,1
zlj881002,1
ahhfxlf,2
baobei0126,2
lwnb,2
wenwen512,1
caj813,5
xsd1688xsd1688,1
vvv9989,1
wyfbtc,2
user hnpzkj,1
user hiland,1
user blueman2,1
user c0052678,3
user mayusheng,1
user addisonxing,1
user liu8988606,2
user nbkiev,1
user bjhyyc,1
user yingjudong,1
user ktzhan,1
user pillie,2
user szcdd,1
user zhaodaniao1,2
user jxaa179623,1
user yaoshu119,1
user f2poolchinasun,1
user jameskunwei,1
user hejiahuan,1
user a315680485,2
user s10123,1
user dou8le,1
lglorgpp19861,2
bxk,2
xiao36812271,2
qaz5367770,6
hukaiyou,1
fjgqag,1
xdz,2
jswjxly,4
guhao,1
xurui8,1
lfxbds,4
pengsheng01,1
aaa729020,2
huangqizhang,4
changfeifei,2
devilhughfire,1
zyh840803,2
hqj680312,2
dradra,1
lxgclp520,1
a2472317999,2
ydydl,5
aa5678,1
a1015501972,1
linshiyan,1
hchbtc,1
liangying1919,1
tyjlj,1
btckerzone,2
liujizhen,1
bansheng,1
qqq333,2
kbtc,1
hangang,1
yuqiliang,1
yumen31,1
adam88798,1
chenguangfu,2
xiii2013,1
histree,1
zyz111,1
bbcat,1
chenping,3
huanglei2008,1
en900003,2
hdle,2
mawanxin,2
woyaocaiji3,9
cangtou111,5
yangct,1
bg4irh,1
futureccf,2
wrm0344,1
darklin,1
gxmq2006,1
psq,2
ywzkf,5
jyl661023,1
btbcjd,1
pcfli1,1
yqy6088,1
xyaohkxj,2
bkorwin,1
xlve,1
ljx2897,1
sexb,1
csz104,1
xhbbtc,1
user spivery,1
user xingxing,1
user wzgs123,1
user kmtan,2
user samuelq,1
user yestart,1
user dand0285,1
user andrewmiles,2
user a619613283,1
user biao20131125,1
user xieytao,2
user youxu888,1
user panyunliang,1
user lxp365,1
user heikeisn,1
user fjshwyh,3
user heh79,1
user iamcj,2
user netfarer,1
zhaoyuan,1
lxlb007,1
chaoge01,2
csbbtc,1
guoyanling,1
yinhu1,1
zsj,2
dage,1
jim000,1
hyslh,3
xjno1,1
chj,1
caiqinbin,1
wulin1111,1
qq876155501,1
user lsy100911,1
user sina001,1
user xiaoruirui889,1
user shrfish,1
user szwjmeihonglin,1
user carmencage,1
user kwangway,1
user yz76811,1
user dxmfa,2
user foxman77,1
user sldzjlsr,1
user pqhh,1
user mydoob,1
user joevon,1
user lmcf2pool,1
user sxh,2
user ilovefec2,1
user liuaiping2001,1
user grubby,2
zhanghb,9
kellytry888,3
xw123,3
matcheric,2
mum,1
wudong889,6
allangw,1
daliansunzong,3
ghouhng,1
wyf82530176,1
tudou9981212,1
hexingbasy,1
manzhou518,1
zylixiang,1
rwtm0518,1
sunlight,2
wh747015987,1
cccymx118,1
ilovegodloveme,4
a397196980,1
susn21cn2,1
ferrylee,1
venus400,1
chenbin520,1
zxc1777,3
lzq1974,2
tzluke,2
a8549081,1
wzh251,1
qqq26310432,1
sonyvippp,4
grkjltyha,6
love764774365,1
fuyong,4
zp16615505,1
asiabtc2,1
lileiming,1
zhongdan7,2
ymw3344,4
user oceandull,1
user wspc9423,1
user tangxiaole,2
user happy2013,1
user zhxy,3
user jijiacom,1
user chen88,1
user diyer0077,3
user wawaghttt,1
user fanchengfei,1
user skyman,1
user ding7,1
user sadq1979,1
user zhezhuang,1
wxl001,1
zwj13803793000,1
qq7518035,1
xdyll,1
kc2014,1
zgycgj,1
daliwangi,1
zhaowu,9
qq1815978484,1
ady910,1
chbin123,1
fanschat,2
biminghui,1
you1981you1123,1
lovelj1112,1
dowan,1
lulifendou,1
pjp1969pf74,1
jack6945,1
tgy999,1
nbdmdn1980,4
jht8023,2
sunhaifeng1988,1
felix,1
sxh,2
wu1981,2
guoruicun,1
perryhall,2
csw88168,1
wujunyu2014,2
hlqan8888,1
laolian,1
nickwu,7
mzzy0612,1
zhoujinjin123,2
user gycat9,1
user lovesknip,1
user cxzlinux,1
user a18050612333,1
user hideyoshi,1
user sonic600,2
user redmoon1234,1
user wsjnzxdxs,1
user wyf1348,1
user ahhbxlf,1
user weixin121,1
user ewintec,1
user fuhuifuhui,4
user qkm711,1
dadoudou,1
jonasxu3,3
songb,1
zhqbtc,1
sdgfryy,1
xyz6997,1
jekesjhon,2
liuliu2003,1
lanhua,1
ly168,2
chentongge,1
mjw1250,1
qq673230555,1
aa83562793,2
mengxiang0003,1
hwjxq3535,1
yin01,2
fafa2014,1
litw,1
a64650873,1
lixu5188,1
vivianxu,1
zyjbtc,1
wanghailian,1
cy54200,1
fanabcd001,1
zhunyang1,1
z47545104,2
gly,1
z1,9
a39771097816,1
st2945,2
leizi,1
ason8383,3
fengdongping,3
ijennifer,1
aa11aa,1
andyxu5888,1
sm123,1
windghost,2
ceybin,1
laohu,1
lilee322,1
pdslizhao,2
zhangqi888,1
tswocai,3
alextylralpha,1
benny480,4
xzy,2
yjtbtc,2
zjdl888,3
jlc11540382,2
linjinsheng,1
qq854028186,2
nl518000,1
qiufeng1333,1
chaohui99,1
zhoujianyong,3
atm003,4
qq16962746,1
zaobichang,12
oneal,3
dlc1006,2
zhm4489,1
zzh0903,1
laopiaoke,1
kangli00,4
foxman77,1
qq1308234292,2
cwmbtc999,1
bitminer,1
btc20131111,1
qiujiok800504,2
redminer,1
lupeng1700,1
junjun102323,1
zhang21208,1
xjh168cn,1
yht0166,1
klz198799,1
bsuonline,1
wyx1688,1
youyou1122,1
zjgzj,1
chauto,1
huang488,2
yandaobo,1
nhhgh,1
liucanming,5
wildtiger,1
machun,1
huahuacaocao,1
jwzzlyyy,1
lnfsbb189,1
syxiaojiang8,1
stmemory1,1
admin666,1
qq570147439,1
yuan251,1
s86704289,1
xiao8084980,1
lizhiren,5
lai717689843,1
sunxu,2
maomao5352,1
pdszn,2
qwerasd,1
shijing,1
ss13155612108,1
zhangyf,1
jichfeng,1
bb828,2
qq188357809,1
hhl0000,3
wll521,2
waterhome,2
nannan,1
qq147293504,1
dgkimson,3
zhuanzhenfu,1
cfgzs,1
creativeidea,1
qq546757492,1
hcg,1
kunleo,1
jinhong101,4
drchanusa888,2
stfeng888,1
ryanemax,1
a176090409,1
zhangxuebao,1
futurecoast,2
scx,1
haohao88,1
a943682,5
stdamu,1
ldld9697996,2
xxq123456,1
aliyaw,1
haijinzhao,1
kinglong,1
simaolong,1
lkjhgf156,1
zk19770118,1
changluo2018,2
jiangcailing,1
huzi999,2
kkainok,2
pwxzbyt,2
jsx1014,1
v1heart,1
luzhi999,1
qq22190164,1
paymentbit,3
huangwang,1
shirleywu,1
qqq666,1
benzuo110,1
hkbtb01,1
norikaboa,1
sankuang,3
szye2005,1
woaikongxb,1
jy8664268,1
lovesqiw,1
lyscocom,1
bitcoin1,3
yc001,1
zxb798587891,1
aaa2997,2
dgh008,1
qq68328121,2
nantian,1
ok97ko2,2
liujun,2
nangumi,1
ling8888,1
chenzeleicz,1
fc838,1
luckyday2013,1
lyy,2
hjq2005,1
huoyanyu,1
hzy18978546365,1
zhyx636,1
yuda12345,3
dht025911,1
ak47kk5,1
luyibo618888,1
csr2014,1
haolikuangji,5
liuzhanliang,1
lihu1980,1
tanfei1211,1
xbkj,2
cccymx96,1
colossus,1
lzr,2
huangzebin,1
ingreat3,3
visonli,1
lcw4087585,2
laogen,1
qq878849130,1
nihao6688i,1
myy88803,1
rentech,1
mujiebai,1
xypzyf,1
hongjunwei,1
xiaodai123,1
wanglijunbtc,2
wuwei871125,2
ibmt45,1
wushaoyang,2
fatylijianhui,1
l13355617255,1
pijiang3,1
wz30893136,1
user arnoecho,2
user matcheric,1
user leleboyme,2
user kkio,1
user syh1128,1
user zyxqin,1
user a42334828,1
user caojinfeng,2
user all,1
user ason8383,1
user zhanghb,7
user qq785066685,1
user cgj,1
user bit3coin,7
user caibird,1
user ltcltc,1
user andyhuanhuan,1
user wl410024765,1
user changluo2018,3
user jasonlin,6
user lucky2162,2
user t10,2
user jameszhan,2
user chimpansee,1
user yangzhiqing,2
user hans,1
user back2u,1
user abcd1234,1
user chenxuejun2013,1
rar99999,1
wmf136169083,3
jianpeng3277,1
aa8899766,1
hbhx888,2
huad1979,2
wangmei,1
bitstones,1
rujokin,1
xiechengqiang,1
terry00285,2
stgiuqq,1
side0412,1
qq402243980,1
sd913653813,1
gaomao1,3
hue528,1
binhe,1
xc001,1
xudian1,8
zjn19791207,1
yan88,3
wang0424,2
huangsheng,3
qq632361397,1
masheng123,1
fov,1
pylsm,1
liusheng121,1
yan12,2
yjl9090,1
willver,3
rogerli264,1
wangshuang,1
sq7323847,1
kongse,1
zwx551743501,1
zgk2zl,1
add123456,1
boykky1231,2
logitech,1
l121378069,1
wen406893786,1
cykjczk,1
yizuoshan,2
likai19841231,1
w53145069,1
a315680485,1
wangbaiyuwang,1
fancy,2
jamesbraidy,3
pan,2
gauavshq917,1
kekouyu,1
sunzhenzhen,1
denis1281,1
lichangchen,1
jingjk211,1
fdgfs,1
maxuewei,2
wl410024765,1
chaos1989,1
chenzhangqin,1
dengqunjie,1
qq2044998211,1
dan,3
kakasamao,1
mili,2
leking,2
ljmm520,2
ksj3285969,1
bin1975,3
s9998813,1
lzh124126571,1
zhp8820115,1
shiyuebtb,1
cchaozhong,1
jiangmingming,2
lyph,1
zhengyu,1
cgqjb,1
liulin,1
lwz98886,6
liu0002,3
dlgst,1
supergirl,6
longhr,2
chenyun0554,2
jazhanghua,1
lihui00,1
mete1586,1
yosio,2
zhangzhia,2
superssf,1
meiyoyni,1
zw1971,1
rushf3,1
xzc8899,1
chobits168,2
zhouwentu,1
sunbiao,1
wym5218855,1
melyra,1
wuhou,2
fadage,1
cjb844,2
jihaom0754,1
vc69d,2
detian688,1
zhangweizi163,2
dlsxddz,1
hds2013,1
dadach,1
xyq503743,1
zlf316,1
user a15045269111,1
user qw6289536,1
user wudong,8
user zhaocaijinbao,1
user zj1982,2
user kimjaemin01,1
user huang488,1
user flyawl,3
user flycool,1
user casablanca,4
user pylelon,1
user linyueyue,1
user zzsoft,1
user tswocai,2
user z87210942,1
user yzcl,1
user qq123456,8
user shbtcc,5
user xhbbtc,3
user njhtkj,4
user facker,1
user ansonli1987,1
user tangmingta,1
user lunasea916,3
user yangzi666,3
user applestore,1
qq1030015233,2
fishman2,1
shuming,1
xhg,1
husongtao,1
flygolf,1
beeminer,5
jinjuankuangji,1
xjn102887,1
jimoyijiu123,1
shenlie2014,1
zhangzhao110,1
mayike,1
a1151888887,1
l7781687,1
sapphire98,1
cycxscw,1
qq19713077,2
wanghailianxin,1
caixiaoming,2
qq1762232990,1
lrc8899,3
binbin666,1
maweiwei5201314,1
frankiejiang,1
zdw8140,2
hxd8079,1
ibf619,3
yaoyingfa,2
xiaomayi,1
llp,1
ab999sab777s,1
ranhuailong,1
czs01,1
junred1,1
landasic,3
yangzi5577,1
muyuxiao2013,1
iamhappy168,1
boss,3
twahyq,1
nick8887,1
chris19810228,1
gengui01,1
yangyu0505,1
hongyang,1
youwei123,1
wang206,2
guan,1
fatcat88,2
yzl582281390,1
woshixiaohao,1
h407425849,3
lkc123456,2
chobits,3
w2090843408,1
scanyfdc,3
lidiagnr3,1
bobobtc,1
czbbtc,2
vvv,1
user l3894880,1
user huzi999,1
user yiji560,2
user zhu901,1
user sdhanliang,2
user henry1027,1
user a83469117,4
user dalao,1
user hzklxd,4
user p4260,1
user lkqzxh,1
user qsjh,1
user adaprays,2
user bsuonline,1
user cfaqia,1
user wcb775522,1
user net13925,1
user yosio,2
user th5208888,1
user liuliu661898,1
user yonggefengyue,1
user ywzkf,4
user myshililiang82,1
lfi9229500,1
qq766630091,1
weishengpack,2
a13867662007,1
zl5096015,1
odw52220,1
zzjt413,1
buscotech,1
wanghailong,1
zhoumingx,1
lws8868,1
yukari,1
chongjulia2,1
luxing,2
sysbg,1
zhaocaijinbao,1
nisuperdong,1
lybtkj,1
a1291582006,1
awtm0518,1
newsdwb1,1
q2921172568,1
a32360675,1
liangxiaoyuf2,1
caolinlin,1
pengzejun001,1
wububing,1
btc266388,1
yhong,2
onlinef2pool,1
aaa2199520130,2
yalshanghai,1
adukuangji,7
rt888,1
shiqq,1
happyzjq,2
hangxyz,1
allencoin,1
yifan168,2
qqm1,1
zhanghao321,1
hmj,1
xinkuanggong,1
wj0711,1
nbmcdn,1
qq278449611,1
renyan,1
xm13666099892,1
lwzkc,1
l53614809,1
yaling,1
jh211600,1
tianliang347,3
vanessa1209,1
laiquanlong,3
yln,1
cong001,1
user chenmingfeng,2
user kingzhang,1
user zhulingbo1986,3
user superltcworker,7
user gnahz,1
user nsdelux,1
user yaohui1,1
user chenzhangqin,1
user pingli28705775,1
user fjc6036,1
user liucanming,7
user zp,2
user sun80333,12
user chenwjking,2
user luckyhr,1
user jsgylhb,3
user xuedihua,2
user jnsz226,1
user songzhanfeng01,1
user qing1296117673,1
user lucky9993,1
ahccc,1
suishibao,1
lwx0124,2
xxyx,1
abc167167,1
nimeimei123,1
cd001,1
hu12006165,1
panpan888,1
sweetson73,2
qq414657872,1
maobtc,2
chenfuhai,1
wanghaibin,3
hc6388,1
chentuo,1
qq1208533771,1
brookspam,1
jianxin,1
wangwei2008,1
anhbhongfang,1
miaohui,2
sunjiming,2
zcjb,1
jinluxing,2
ken133,1
lafaelo,2
tn4759,1
huangjie1d8,2
ssyushi,1
ktj00116,1
hnldlywsc,1
yansicong2013,1
chengyu,1
lixiang1,1
xmm0122,1
tian110515,1
daan423,2
qq116948074,1
cheng3583,1
duxingqiji,1
hongli,1
lindan,1
lx2014111,1
fesoztopp,1
tangliang,1
laohengh,1
douhaotao,3
zouxing,1
spellbtc,1
zhaofengkuangji,1
zwd,1
wubin564335,1
hfscqsws016,1
zhaolihui,2
qsyfei,1
kezhung1103,1
panggua1007,1
hushangshang,2
ok228389,1
zyw1945,1
wanghao2006cq1,1
mmm,1
mabo36812170,1
sjkwww,1
xiaopingwakuang,2
c63390733,1
wtbg,3
one2001,1
max2014,1
kaichang888653,1
andy200837,2
casablanca,2
malong668983,1
wangjianfen,1
zhangfei,3
milly,1
wanttheway,1
huanghuayan,1
wangdongmei,1
yier20000,1
player,2
libing91283,1
sinopro,1
liweijie227,2
mengbb02,1
qq754535,1
qq286531400,1
qvbiiss,1
chappywf,1
wy038119,2
szzlg8888,3
qiufeng188,1
zf88888,2
mrh888,1
myskitty108,1
zhangxl,1
czjk0735,2
kuukaa,1
jydqcwb,1
kronwel,1
weijl,1
cnddlq01,1
a4480561,2
kingtian,2
konglina,1
y2094538041,1
pow2008,1
liaopeic,1
ezmingsh,2
qin,2
zengzeng,1
f10111,2
wy333,1
qq535112234,1
wengzewen,1
jiss123,1
bugfree,1
kunge,1
lhuibin,1
rmxdz,1
zhang370039119,1
yangfan1,1
qq2482022295,1
yansicong,1
wangshijun,1
pdsxs,1
xiaod,1
glhqlh01,1
su512688044,1
fjshwyh,1
stly4,2
ftdxzl168,1
phoenix2728,1
mfjiang,2
user ov0vo,1
user yx78926163,2
user cdtthi,1
user daizhuang,1
user yangqingyuan518,1
user zhangqin111,1
user a287232481,1
user vivos,1
user hilandst,3
user pastone,1
user amlongs001,2
user tianrui,1
user wuminjian2003,1
user lxia,1
user ghouhng,1
user mars101020,2
user baoge16888,1
user yjxxxx48,1
user en9002,1
user aifilmstudio,1
user southic2014,1
user yzlensen,1
user liduowang,1
user cangtou111,7
user liuaiping2011,1
user zhanglaoda123,1
user sqshijie1988,1
realsun002,1
bin820419,1
xyhxsltc,1
hjy15956189988,1
zhang003,1
ridi313,1
qq71800111,1
facen,1
fan2077,1
abc123602001,1
wumingzhe,3
kakboy,3
wtt,1
zbf311,2
lichou,1
chengxinkeji,1
xdwgp2014,2
qqcom,1
tianhuodayou,1
wq13963532114,1
sunjinhong123,1
mcc,1
haian,1
xcx,1
frankcheng,2
user jinkemanlou123,2
user szcrc,1
user doublesbtc,2
user miaohui,1
user cx319,1
user walinlove2,1
user qingdaoknt,3
user lisaoming,1
user rjp786827769,1
user happyman0832,1
user mch111,1
user weizx335,1
user memoryten,15
user cccymx34,1
user chenhua,1
user lkjhgf156,1
user zhaoke,1
user aegean,1
user xyq503743,2
user rong677,4
user liangshiyue,1
user wisdomcreature,1
user aonkey1980,1
user yunpji,1
user btc778,4
dharma,1
shenyuting,1
dyl,1
w18653176604,1
lu888,1
donglin8,1
cqtxj,1
qubaofen,3
tuobei2009,1
go422178119,1
yang001,1
amy2772,1
xubin7577,1
dabinggege520,2
liuhuibtc,1
mifan,1
hhq2014030807,2
asiabtc1,2
caichanggen,1
sqliang,1
wushuai7999,1
m123,1
leleboyme,1
fuwenke,1
a4507226,1
cnbaba,4
gfx459,2
lja730827,1
zhongshiliu5683,1
xumingqian103,1
ffky88,3
joviwu,1
xujiadong,1
kuangchang2014,1
dowanbro,1
maenhash,1
qq408049975,1
zhangqian1,1
chenchen1977,1
l3080615940,2
liexm,1
nanhui,1
hiwind321,1
anwen,2
pando52,1
a26848075,1
wangxs724,1
xiaolang7746,1
nicky1210,1
haorong,1
wangbeibei,1
baidugan,3
qq80185045,1
jstim,1
klaus888,1
candice,1
xiaofan4444,1
sirenbang,1
joevon,1
xushuchun,1
zlz13599829311,1
zzq51711,3
jf890819,1
sdzhangbin,1
ilovefec2,1
cccymx138,1
en9007,1
newfoxyt,2
kenshintina,1
wzc6988,1
lch8613484,1
skybenny,4
lalalampt0930m,1
msj20,2
liao007,2
guomaliu,1
caohuangcheng,1
fangpan,5
qwerta,1
forevery8,1
yu2259563,1
tsl188,1
ljk0098858,1
sys57338,3
mlrs,1
eplt,1
wxh19690905,1
lizhengjin2,1
xwttfs,1
chenhonde,2
c20131227,2
pdswhj,2
startover219,1
z61779113,1
wmm007,1
lqc2014,1
ty19821208,1
zjx2560982240,3
kuozhan11,1
grkjltyhb1,2
cologe,1
haoren,1
lysbtc,2
wanghao2006cq,1
btcla,1
ztz88,2
jatpan,3
diangong,1
a2690251508,1
zg138,1
zzhdn,1
baibai,2
guyejun,1
x13056766111,1
hhq2014030801,1
leijiajin,1
wuji01,1
zhaoxiaochuang,2
ftschris,2
aaa5130,1
zmwwh,1
sneaker,2
shujiangjin,4
wsqpy,1
btblaoguo,2
sjh2013,1
xupeiran520,1
qwp515151,1
tl41523280,1
cx319,3
lqfg,1
maoxiandao,1
sxwstephen,1
user hacker,1
user kch111,1
user qwm,1
user elove354,1
user a3198327,1
user peters88,1
user szf7196,1
user yinyingjun8766,1
user xudian,2
user feetxeg,1
user soosloos,1
user dingdingli,2
user lizhiren,1
user ggsnoopygun,1
user kimazrael,1
user boris,1
user ssx,1
user njlixiao,2
user cnhxg2014,1
user tongliyuan,1
user kiccleaf,1
user yangice,3
user pdy168,1
user zs2008225,1
user wyz9999,1
user xlve,1
user zheng20140106,2
user tomcatf14,2
user ok228389,1
wql2008,3
lhy,1
watsonmax,3
kbstian001,1
qq97018087,2
lichunfeng,1
qq530004929,2
dabing,2
tptwxin,1
huangsuyun,2
tieggt,1
aadd123456,1
baishibang,2
liyuhu,1
darkphoenixs3,1
a13588888,1
zhaoguofeng333,1
bjccp,1
dj63886897,1
jiangtianyihe12,1
xiaoyuan01,1
llg022,1
wangyangc,1
mzqpmzqp,1
qq5287502,1
user qdhby,1
user futureccf,1
user smileamber7561,1
user zhl999,3
user xiding07,1
user nickwu,2
user zhangxianfu,5
user shaohui007,2
user zhqlm,1
user xuwuyang,4
user maxuewei,2
user daocaoren,1
user yechai5856,1
user gujie,1
user landasic,2
user kellytry888,3
user linlin521,1
user caj813,1
user shaomingxing,2
user nicyuan,2
user fuwenke,1
pcc,1
xxx2008gs,1
zhoubao,1
haojie,3
ralph14,1
jianzzzz,2
chxs,1
ly6110,2
anlyz,1
yingxiongwuhui,1
dnfyy,1
asimowendy,1
xhq,1
liuluoyi,1
lnfsbb29,1
en20006,1
xuxining,1
fangyinjun11,1
aa13096675,1
wcp,1
lnfsbb164,1
v564226388,1
mars101020,1
douandy,1
mingyi512,1
ohyesun,1
jimzfr,1
tangxiaole,1
user ken5747933,3
user yuanbo0110,2
user lldalu,1
user dengqunjie,3
user bit5coin,2
user mytrap,3
user china111,1
user gaojin45,1
user flufy3d,1
user iamhappy168,1
user jiajun,1
user bujingyi,1
user boss,2
user jerryppxd,1
user ahnnnnn,1
user smap,1
user loveof,1
user cnhatfdn,1
user andy200837,1
user jsx1014,2
user terry6,1
jiangbin1988,1
zhengshixiao,1
dajilaicai,5
cxp001,1
phoenixwings,1
fuckbitcoin,2
gxgx2014,1
xuzhihua761014,1
hailong,1
ystorm,1
qq2746677273,1
caidongxing,1
carl1234,4
beixia1965,1
zhangbo111,1
wyh081212,1
wangbin368,1
chenhu,1
chehao,1
yonggefengyue,1
norman331,1
huan007,1
xiaoxiang201314,1
aweq,1
guipeng,1
big11,1
xiaoxu123,1
davidjs99,1
jackiesun2014,1
qdhby,1
baby2014,1
laikabit1,1
mzsunmin,1
roye1989,1
wr888888,1
sjkakwb,1
laowang201418,2
mayaoguo,2
butterflypower,1
hellol1377,1
g15766,1
huangjing1224,3
zpp2013,1
goldorange8,1
gaoshuang78,1
sdsq521,1
hhhh2625,1
greathao,1
zjlxlz0128,1
feifei00,1
wcr,1
skey123,2
chx,1
hljkjc,1
gloomyman,2
tezao123,3
hczn1978,1
dongninghui,1
jiutai,2
walker,1
aaaas,1
xiaoli1983,2
visualarts,1
maka113,1
btc11173001,1
xuezhentao123,1
wangchun,1
l258412563,1
py85354557,1
zyowe,1
syxj01,1
lyh10086,2
peters88,2
lxd2000,1
smsma123,1
chencong1588,1
lcmjz,1
yfhugh,1
yangjing,1
lncyzgf,1
x6698,1
ly888,1
qq2155655,1
ilanny,1
kuka88,1
liang6,2
kissfly,2
jzyyx1777,1
hydj28,1
hg6166666,1
zhuxiaojie,1
fjj911,1
flyingkisser,1
zjm9889,3
wujianhua,1
tjhanjie,1
yuxy,1
luoping5168,1
sundewen123,1
ycsjb,1
hycjp87,1
wujianyao,1
zy63996668,1
qq55011868,4
blacksteeeel,1
user bitwork,1
user guardjian,1
user lengyue,1
user fnjinguo,1
user zjgzj,1
user wtu290,2
user zhongyuan,1
user qinjunxi,1
user hswce,1
user gongjianhui,2
user ilovegodloveme,1
user jinlonge,2
user jinzhu,1
user woailianan,1
user peteryao,1
user gangzi,1
user jeremey,1
user xuelei5151,1
user aihejiating,1
user superssf,1
user cccymx179,1
ytime,1
joymenchan,1
asia001,1
wads211314,1
supermouse,1
huhcjj,1
zhenghuiru,2
gaoguanglin6688,1
cx56143578,1
baoxianrenjia,1
lianzuan11,1
lgs100,1
et1981,2
liuchunwei11,1
lp19901221,1
wjsjb,1
zirconbtc,1
liu0001,1
huangtingting,1
qq1503834230,1
farawaying,1
ziyoufeixiang,1
imk,1
yangzi666,1
zjtyygx,1
hpfasd,1
kevinchen,1
zhaofeng0531,1
haso009,1
szlai1688,3
la0073,1
danielfzh,1
micson,1
nylglg,1
user mjjj0001,2
user yqy6088,1
user cccymx152,1
user jdk9700,1
user dalianss,1
user xingmao,1
user cccymx96,2
user hydj28,1
user jingliang,7
user zz7169,1
user yuchikang2,1
user tx2,1
user plqplq,1
user yuqiliang,2
user wei1977426,1
user shenyuan,4
user solidsnake0716,1
user ebtc6802,1
user jie523522046,1
user lnfsbb39,1
user ons520,3
user fengzhenhua,1
user mjeva,1
chuchu520,1
zhanglifeng,1
zsu503508,1
rc173,1
shtan,2
xtdkat,1
tianyi110333,1
xin5338634,1
ljjandmyx,1
lihangdong123,2
laoxu,1
qishufeng,1
huangyuan,1
nopeku,1
sht98988,1
csq0660,1
zhangl,1
boboan821,1
chilayltc,2
qq994787,1
aini220113,1
ljy19830515,1
redwing,1
adaprays,1
paoye,1
jeffrey7069,1
jerryppxd,1
cccymx28,1
hahahaohai,1
shenyisi,1
sonic600,1
liuweiwei,2
z3299599,1
yinniyouwo,1
liangxiyou,1
nfzwd,1
fanyixuanbtc,1
wangluofeng,1
crazytouch,1
chz888888,3
cjh2526,1
orinoflow,1
pysx,1
chan0819,1
wangg9999,1
zhanglele,1
yimai,2
zjqzcsrlp,2
mrwyl1,1
tonyou,1
bjcat1986,1
xuming780402,1
qq623602032,1
a358817781,1
b10,1
s1004,1
baobei,1
zhangbizhen1962,1
misanger,1
tmall,1
qzy318,1
a13959555958,2
hwb,2
niekecheng,1
zhangjunfeng,1
stcmt1,1
axin1001,1
yuanwenjing,1
qw12q,2
yinghui,2
jndd88,1
baiadn,1
wanggang189,1
daviddun,1
albertech,1
user pan,2
user f7729203,1
user yanhuijin,1
user findsea,1
user patricksuen,1
user li1394306,1
user hltfy,1
user baidugan168,4
user dqq,1
user lyggnfs,1
user fangyinjun11,1
user lnfsbb70,1
user wyn8361155a,1
user cccymx230,2
user yangzi5577,1
user wwb15203419968,1
user corwin,1
ys251154839,1
nidan928,1
zhangwg,1
leebo,1
yanan3321521,1
hexijian,1
feng000,1
joeyhappiness,1
gavinxu815,1
qq2019371705,4
diyer0077,6
qw1004,1
wangshengi01,1
godetgpg,1
jdkabc,1
cz11,1
xiongxiaolong,1
artman1974,1
zwd5001,1
ascent,1
aiqi,1
zhangwei66677,1
jy0220198765,1
crc15960359777,1
btbcai118,1
idcwzlm,1
solidsnake0716,1
z1297907976,1
dl,3
qq24164646,2
hdlt1315,1
stsj,1
caijiren,5
yuejianli,1
fzlh2009,1
syjymail,1
thkcpublic,1
xingping01,2
new5566,1
x6it,1
lln2,1
yuyang432,1
q2340637,1
qq2636534505,1
ll2799299,1
linjunjun,1
dxl1250540350,1
cskj2004,1
littertwo,1
bobo69808,1
xwhj,1
he8888,1
zhaochengfang,1
dxdn,1
cxm260512289,1
xiaogong,1
like718,1
jiangyin,1
hanshicheng,1
dxy080501,1
foxill1,1
dirtroad,1
d13002077681,1
cbb441047802,1
xiaoyaojian,1
amwydai,2
a137358524,3
dqd01616,2
chongfa8888,1
laikabit,1
a41383034,2
wazhhe,1
anthisoca,1
dinfee,1
ibf888,1
tongyu2006,1
laomazj,1
wanglinlin,1
wangkongfa,1
hjelc,1
llxdalu,1
dangyuanhao,1
huangaifang,1
leijiaming,1
f99fjh,1
wang001028,2
zrsc12,1
a26953659,2
user wy1967112,1
user wangxiaobao,1
user a93651757,1
user chenfuhai,1
user laikaijie,3
user hankes,1
user youluxuehong,1
user tmac01,1
user fishhow,1
user hzg8171,1
user wangz7784,1
user wanshanmedia,1
user chujie,1
user kbtc,2
user lnfsbb179,1
user nasa000,1
user bosen,1
user xing7520,1
user bobosun,1
user zeroomica,1
user qq9034921,1
user weiwei123,1
user showak37,2
user chz888888,3
user coolxan,1
dingying,1
ningwenlu,1
ouchp,1
yyf1688,1
songxiaohai1983,1
hycuat,1
zhaohuitao,1
btcpetant,1
btczqxf,3
qq346722814,1
x6696,2
hexijian3,2
yukai,1
miner365,1
caiqihua288,1
sql421225677,1
anzhi56005792,1
zww01,1
zhangcanhan,1
wangxuwyid,1
gwx518,1
fishhead2,1
kkkkk,1
sdbtsssmx,1
stdw,1
gainihe77,1
bowlongxin,1
seatalker,1
jscaiben,1
fe34j893x,1
sdommc,1
lovebaitu1,1
gd888,1
l18833999191,1
peterpeng2002,1
qq746118714,1
jialei,1
bluetop,1
a13559309558,1
a66685428,2
ynbcjrl,1
carmenjh,1
songzhanfu,1
yui1203,1
zhouning6000,1
ahlw,1
bagssandymi,2
jiexi002,1
xxy444,1
ysmlyq,1
tangliang3,1
woaishenyu001,1
lizhixiang8858,1
lhyhdy,1
afghyt,1
zq307992239,1
xmyx,1
linxh,1
lh6412,1
ldj2358,1
a14956032s,1
chinasdtc,1
qq328828422,1
qq1015180724,1
erjie,1
yinghongwei,1
xingli,1
kangling,1
wh00atpool,1
zxhbtc,1
a409943480,1
wyf1212,1
yzz2004,1
qufeng,1
sg68301,1
jjfei,1
zisetaiji,1
zscdz,1
everxhj,1
a287232481,1
zp89555,1
yangyang5210,1
txd3308,2
chuntianliu,1
appleboy,1
user usa88888888,1
user joeyhappiness,1
user yinfei520,1
user zhouli56,1
user lwnb,1
user zhoujinjin123,1
user midwood,1
user jxxyhl,1
user fan2077,1
user hbbtc,1
user xwttfs1,1
user jihua0a,1
user wz2014,1
user xushuchun,1
user liuwenwei,1
user en90010,1
user huangz,1
user jin19851015,1
user huangtongyong,1
user btcsat,1
user peakwell,1
user fq13504274111,1
user qq9218388,1
user happyzjq,1
wwr888,1
wqz0811,1
chwafz,1
nxdzj,1
donglin1,1
qq983469517,1
abc888515424,1
rnnnn2007,1
huangweicai,1
hpl,1
zhangjun,1
chenshaoqun,1
saosaosao,1
a414705584,2
rhx,1
yaoyao1,2
dl1009,1
btcwiner,1
ld2888,1
chen9119,1
czp568449616,1
wangzong,1
hhuu,1
xiaonao,1
yangle,1
a2996582,1
bonezeng,1
pcwlz,2
yheshop,1
a13006556461,1
happyshanwei,1
ppl,1
zhijinwang,1
s25853731,1
wuqiang100,1
mili2,1
lijiajie,1
zdcps,1
shy820323,1
gabc,1
bpeh123,1
zd5212014,2
tianyacong,1
mrchgb,1
superman521,1
paihl,1
user laomao,1
user ywj,1
user fan801102,1
user linxh,1
user dxm789,1
user gw500,2
user luzhi999,1
user pxmking,1
user sxx117,1
user jame,1
user benny198510,1
user snk741,1
user baidugan,1
user bundogs,1
user yhong,2
user bonezeng,1
linmusen1986,1
nxt520nxt,1
legendman,1
sunzhongyu,1
liu25983751,2
lulvs,1
nvxc,1
szphil,1
guojianhua,2
wanghui110,1
supper110,1
iamlsq,1
ningyuan79,1
jamesliu2014ok,1
qw6289536,1
zhengma0612,1
a125183511,1
caiweiqiang,1
a946766420,1
hyw666,1
he92611091,1
pangge,1
exrion2004,1
lvzhaocheng,1
tamewolf,1
szy040701,1
wwy668,1
huntwater,1
dyss403,1
wangxiaolong,1
mkqmkq,1
guocai168,1
zhanghong77887,1
ov0vo,2
gantaotao,2
btcwinner,1
xhw2582217168,1
qq785066685,1
simon411,1
yuxiangzhen,2
wskuemc,1
kk272773346,1
liyueming2014,1
ayjz989a134,1
f2pools,1
wangruhe123,1
user rnnnn2007,1
user plangang123,1
user liugouquan,1
user yangzhike,1
user limingwf,1
user legendshan,1
user big11,1
user hawren,1
user cccymx45,1
user beihai336,1
user everthinkpad,1
user qiujiok800504,1
user marcos,1
user xwd305486616,1
user qw12881412,2
user y69865,1
user xf080911,1
user kyorochi,1
zhetengzhong,1
freddy52099,1
hblyboc,1
kingjym666,1
popodod,1
lilong000,1
achu,1
whaitaos,1
mediaclassic,1
qq928526702,1
user zj80377988,1
user a2783295036,1
user ewrong,1
user wangjianfen,1
user hopol,1
user zhaozihan225,2
user hpfasd,3
user robert100200201,1
user huaoming,1
user look4s,1
user happy1314,1
user jahuabtc2014,1
user la0073,1
user sjkakwb,2
user sonys26c,1
user cdhpool2013,1
user qq2077920779,1
user tangmao1975,1
user szjb168,1
user aini220113,1
user btc0001,1
user wuyuloveyou,1
user chenning88813,1
user oldutiao,1
user szwj964807047,1
user james3,1
user vokmax,8
user qq3248326,1
user liaoren2008,1
user tudou9981212,1
user zhao1234,1
user jimshen,1
user diaty1212,1
user ouyan710,1
user iy2658288,1
user king19830527,1
user douzhiyong1984,1
user chkj4953,1
user cga0103,1
user ljy830515,1
user jhsy702,1
user alpharich4,5
user wysglsw,1
user glanwang,1
user q6998,1
user qqyuan,1
user zhaoguofeng,1
user jyl661023,1
user sky0123,1
wsh2014,1
dadado9900,1
lyjdgy,1
rjz84325,1
qq171837444,2
lmm,1
hnygwy,2
cdx8455888,1
lkjhgf157,1
qqyy,1
xuedihua,1
gsseow,1
linmusen1987,1
zhouyang168,1
aa847544178,1
owl520,1
wuwei9580,1
yy863200973,1
tuandfei,1
sindesky,1
luyao01,1
yingchyi123,1
chuming1981,1
iong,1
billyhuang,1
youmianbao,1
sugar02,1
nuthell,1
aquitxrgw,1
zhengyunlong1,1
gaoguangxi68699,1
quguoqiang,1
mengchang,1
chuoshilei168,1
luoping630,1
pcwlzcoint,1
qq734161896,1
chinarlp,1
tian85999,1
wuwei34651890,1
hkchenwei,1
muyulabs518,1
pcgoog,1
ieic,1
wgx16,1
jasonchange,1
mss156523255,1
zifuyun,1
twmj2008,1
kkss504,1
qq694921151,1
suntop2008,1
ikouzi,1
chendongmei,1
mryuliang,1
itg,1
chenxiaosheng,1
fzlso32,1
fxl00001,1
jiangshan1949,1
btckang,1
badu520,1
wjxing117,1
sunwei19860828,1
liangzhihong,1
longge2008,1
terry6,1
banaboy,1
xiaokuanggongfc,1
fpfp,1
zhangjing111,1
qq83047721,1
alex61177417,1
verycheap1975,1
yvon136865332,1
schlafenlied,1
dl1008,1
yechai5856,1
maxiaoqing520,1
shenyanting,1
shevchenko,1
ljliang,1
lxh,1
tuobei2008,1
jennyliu,1
s10123,1
z18259957686,1
byj518,1
user mf132lh,1
user zhenghuiru,1
user xiaofan4444,2
user sztaotao1976,1
user neeco6,1
user jiangyums,1
user jc150552,1
jiaanxiang,1
tanyixing,1
yangzhike,2
qsjh,1
tangshao,1
yslqh2002,1
qq1990394,1
wify,1
lishui,1
yejiaquan,1
btcskey,1
kschm2008,1
jiaxin,1
tanguorong,1
bujingyi,1
juhuanqi912,1
ldong198341,1
benny198510,1
ynkmwwm,1
user zhangzibing1,1
user hy415375417,1
user nanhai997,1
user xldaibin,1
user johnson,1
user hiha12369,1
user idcweb,1
user drchanusa888,1
user lfxbds,1
user keke4556,1
user yeziqqol,1
user luo01,1
user onexz,1
user woyaocaiji,1
tsst001,1
dingjiayu,1
corosi,1
wenjiafen,1
szelsie,1
tttsssxxx,1
abc295447265,1
hankes,1
lxc188,1
jyj728,1
kingdude,1
guardjian,1
tcminers,1
user lib3388,1
user newfox666,1
user china95,1
user wangbo166245,2
user hrz760801,1
user szzlg8888,1
user wyg166,2
user bjchen,1
user paymentbit,1
user wami888,1
user dinghuayang,1
user cz493235096,1
user zhangkefeng,1
user jy02535653,1
user iyabc618,1
user zdw8140,1
user zhaoming,1
user lgx0402,2
user xuelian,1
user dinfee,1
user digmoney,1
user lisai111,1
user luck2002010,1
user cycy,1
user candice,1
user gxhsym,1
user narancia0512,1
user legendman,1
user maluyoukeng,1
user jzwxx,1
user minerchen,1
user chuoshilei168,1
user wwy668,1
user gd888,1
ly8333,1
en9008,1
xxtryjamso,1
sea0909,1
gasn,1
b05465,1
li99988,1
lcyltc16688,1
lnfsbb192,1
david168,1
leebeckham,1
wangzhibo2013,1
qq8333858,1
hanfanglin8300,1
nicyuan,1
user liuxinkaka,1
user echowyb,1
user nopeku,1
user gwk854,1
user nick8887,1
user suwei02,1
user a2300632781,1
user swimming,1
user eric2012,1
user laopan,1
user jy13961601188,1
user yfqhaa,1
user lamlamsc,1
user ccst16,1
user kingjym666,1
user penlau,1
user debudao,1
user b05465,1
user huangyuan,1
user loveganzhou,1
user mine,1
user lijiannba,1
user huzhou,1
